protocol_id,task_name,beta,schedule,spatial_mode,duration_s,current_uA,pulse_width_us,total_pulses,baseline_score,trained_score,training_score_delta,training_repetitions,training_reached_criterion,reset_score,no_reset_score,reset_minus_no_reset_score,naive_weight_control_score,naive_weight_control_minus_trained_score,naive_weight_control_minus_no_reset_score,naive_weight_control_displacement_norm,trained_delta_norm,reset_post_minus_trained_norm,no_reset_post_minus_trained_norm,reset_minus_no_reset_weight_norm,weight_erasure_reset,weight_erasure_no_reset,residual_trace_correlation_reset,residual_trace_correlation_no_reset,erasure_projection_reset_vs_no_reset,reset_window_neuron_spikes_delta,consolidation_neuron_spikes,replicates,task_output_dir
b-2_chirp_shared_3s_50uA,conditioned_electrode_association,-2.0,chirp,shared,3.0,50.0,160,3716.3333333333335,0.0,1.0,1.0,60.0,1.0,0.875,1.0,-0.125,0.0,-1.0,-1.0,53.061915580420816,53.061915580420816,314.1679803303527,0.0,314.1679803303527,-5.014859126010095,1.8857508147599827e-11,0.1575789668516909,1.0,-0.0238253745372139,2189199.0,0.0,3,experiments/snn_reset/results/snn_reset_validated_grid_20260606T043336Z/conditioned_electrode_association
b0_chirp_shared_3s_50uA,conditioned_electrode_association,0.0,chirp,shared,3.0,50.0,160,2567.3333333333335,0.0,1.0,1.0,60.0,1.0,0.875,1.0,-0.125,0.0,-1.0,-1.0,53.061915580420816,53.061915580420816,249.87507698441655,0.0,249.87507698441655,-3.832316559120288,1.8857508147599827e-11,0.2109306047224955,1.0,-0.0628461642292122,1413349.0,0.0,3,experiments/snn_reset/results/snn_reset_validated_grid_20260606T043336Z/conditioned_electrode_association
b-2_chirp_correlated_3s_50uA,conditioned_electrode_association,-2.0,chirp,correlated,3.0,50.0,160,2179.3333333333335,0.0,1.0,1.0,60.0,1.0,0.875,1.0,-0.125,0.0,-1.0,-1.0,53.061915580420816,53.061915580420816,215.4360193891604,0.0,215.4360193891604,-3.2023242858331424,1.8857508147599827e-11,0.2486120384046184,1.0,-0.0750402671670232,1131788.6666666667,0.0,3,experiments/snn_reset/results/snn_reset_validated_grid_20260606T043336Z/conditioned_electrode_association
b-2_epoch_pause_shared_3s_50uA,conditioned_electrode_association,-2.0,epoch_pause,shared,3.0,50.0,160,1142.0,0.0,1.0,1.0,60.0,1.0,0.875,1.0,-0.125,0.0,-1.0,-1.0,53.061915580420816,53.061915580420816,73.52902224160891,0.0,73.52902224160891,-0.778687241888723,1.8857508147599827e-11,0.6253772815693426,1.0,-0.1035702437657335,507319.0,0.0,3,experiments/snn_reset/results/snn_reset_validated_grid_20260606T043336Z/conditioned_electrode_association
b0_chirp_correlated_3s_50uA,conditioned_electrode_association,0.0,chirp,correlated,3.0,50.0,160,1495.3333333333333,0.0,1.0,1.0,60.0,1.0,0.9166666666666666,1.0,-0.0833333333333333,0.0,-1.0,-1.0,53.061915580420816,53.061915580420816,106.2396588697708,0.0,106.2396588697708,-1.277650477163795,1.8857508147599827e-11,0.4799652335411563,1.0,-0.0911367239870711,647308.6666666666,0.0,3,experiments/snn_reset/results/snn_reset_validated_grid_20260606T043336Z/conditioned_electrode_association
b2_chirp_correlated_3s_50uA,conditioned_electrode_association,2.0,chirp,correlated,3.0,50.0,160,986.3333333333334,0.0,1.0,1.0,60.0,1.0,0.9166666666666666,1.0,-0.0833333333333333,0.0,-1.0,-1.0,53.061915580420816,53.061915580420816,61.94025738176367,0.0,61.94025738176367,-0.5954099949091368,1.8857508147599827e-11,0.6819534522384321,1.0,-0.0891817446735815,381790.3333333333,0.0,3,experiments/snn_reset/results/snn_reset_validated_grid_20260606T043336Z/conditioned_electrode_association
b2_chirp_shared_3s_50uA,conditioned_electrode_association,2.0,chirp,shared,3.0,50.0,160,1738.0,0.0,1.0,1.0,60.0,1.0,0.9583333333333334,1.0,-0.0416666666666666,0.0,-1.0,-1.0,53.061915580420816,53.061915580420816,156.34024956887515,0.0,156.34024956887515,-2.143564414870806,1.8857508147599827e-11,0.3511245139497267,1.0,-0.1129162153063057,867833.0,0.0,3,experiments/snn_reset/results/snn_reset_validated_grid_20260606T043336Z/conditioned_electrode_association
b0_static_shared_3s_50uA,conditioned_electrode_association,0.0,static,shared,3.0,50.0,160,1002.6666666666666,0.0,1.0,1.0,60.0,1.0,0.9583333333333334,1.0,-0.0416666666666666,0.0,-1.0,-1.0,53.061915580420816,53.061915580420816,50.92052888390345,0.0,50.92052888390345,-0.4405153611961148,1.8857508147599827e-11,0.7466080515261554,1.0,-0.0710694206527194,338933.0,0.0,3,experiments/snn_reset/results/snn_reset_validated_grid_20260606T043336Z/conditioned_electrode_association
b-2_alternating_blue_red_shared_3s_50uA,conditioned_electrode_association,-2.0,alternating_blue_red,shared,3.0,50.0,160,918.6666666666666,0.0,1.0,1.0,60.0,1.0,0.9583333333333334,1.0,-0.0416666666666666,0.0,-1.0,-1.0,53.061915580420816,53.061915580420816,48.812719086950814,0.0,48.812719086950814,-0.4151443755823072,1.8857508147599827e-11,0.7616382521004352,1.0,-0.077465273182915,330663.6666666667,0.0,3,experiments/snn_reset/results/snn_reset_validated_grid_20260606T043336Z/conditioned_electrode_association
b0_alternating_blue_red_shared_3s_50uA,conditioned_electrode_association,0.0,alternating_blue_red,shared,3.0,50.0,160,918.6666666666666,0.0,1.0,1.0,60.0,1.0,0.9583333333333334,1.0,-0.0416666666666666,0.0,-1.0,-1.0,53.061915580420816,53.061915580420816,48.812719086950814,0.0,48.812719086950814,-0.4151443755823072,1.8857508147599827e-11,0.7616382521004352,1.0,-0.077465273182915,330663.6666666667,0.0,3,experiments/snn_reset/results/snn_reset_validated_grid_20260606T043336Z/conditioned_electrode_association
b2_alternating_blue_red_shared_3s_50uA,conditioned_electrode_association,2.0,alternating_blue_red,shared,3.0,50.0,160,918.6666666666666,0.0,1.0,1.0,60.0,1.0,0.9583333333333334,1.0,-0.0416666666666666,0.0,-1.0,-1.0,53.061915580420816,53.061915580420816,48.812719086950814,0.0,48.812719086950814,-0.4151443755823072,1.8857508147599827e-11,0.7616382521004352,1.0,-0.077465273182915,330663.6666666667,0.0,3,experiments/snn_reset/results/snn_reset_validated_grid_20260606T043336Z/conditioned_electrode_association
b2_static_shared_3s_50uA,conditioned_electrode_association,2.0,static,shared,3.0,50.0,160,689.3333333333334,0.0,1.0,1.0,60.0,1.0,0.9583333333333334,1.0,-0.0416666666666666,0.0,-1.0,-1.0,53.061915580420816,53.061915580420816,38.918529463859294,0.0,38.918529463859294,-0.2893599760068016,1.8857508147599827e-11,0.8242465031212781,1.0,-0.0621602772940989,245978.0,0.0,3,experiments/snn_reset/results/snn_reset_validated_grid_20260606T043336Z/conditioned_electrode_association
b0_epoch_pause_shared_3s_50uA,conditioned_electrode_association,0.0,epoch_pause,shared,3.0,50.0,160,713.0,0.0,1.0,1.0,60.0,1.0,0.9583333333333334,1.0,-0.0416666666666666,0.0,-1.0,-1.0,53.061915580420816,53.061915580420816,37.63803495223723,0.0,37.63803495223723,-0.2854557666141514,1.8857508147599827e-11,0.8349456900638321,1.0,-0.0704549413327158,239175.0,0.0,3,experiments/snn_reset/results/snn_reset_validated_grid_20260606T043336Z/conditioned_electrode_association
b0_epoch_pause_correlated_3s_50uA,conditioned_electrode_association,0.0,epoch_pause,correlated,3.0,50.0,160,403.6666666666667,0.0,1.0,1.0,60.0,1.0,0.9583333333333334,1.0,-0.0416666666666666,0.0,-1.0,-1.0,53.061915580420816,53.061915580420816,24.38547401706417,0.0,24.38547401706417,-0.1305942947157935,1.8857508147599827e-11,0.9141562920919094,1.0,-0.0335035171264205,94830.33333333331,0.0,3,experiments/snn_reset/results/snn_reset_validated_grid_20260606T043336Z/conditioned_electrode_association
b0_gated_burst_shared_3s_50uA,conditioned_electrode_association,0.0,gated_burst,shared,3.0,50.0,160,1018.0,0.0,1.0,1.0,60.0,1.0,1.0,1.0,0.0,0.0,-1.0,-1.0,53.061915580420816,53.061915580420816,134.8983757035831,0.0,134.8983757035831,-1.773239854769433,1.8857508147599827e-11,0.39835941299428,1.0,-0.1098811551993736,614198.0,0.0,3,experiments/snn_reset/results/snn_reset_validated_grid_20260606T043336Z/conditioned_electrode_association
b-2_gated_burst_shared_3s_50uA,conditioned_electrode_association,-2.0,gated_burst,shared,3.0,50.0,160,1011.3333333333334,0.0,1.0,1.0,60.0,1.0,1.0,1.0,0.0,0.0,-1.0,-1.0,53.061915580420816,53.061915580420816,132.73745017707327,0.0,132.73745017707327,-1.7345609107113449,1.8857508147599827e-11,0.4025806800661581,1.0,-0.1093096158610273,618815.0,0.0,3,experiments/snn_reset/results/snn_reset_validated_grid_20260606T043336Z/conditioned_electrode_association
b2_gated_burst_shared_3s_50uA,conditioned_electrode_association,2.0,gated_burst,shared,3.0,50.0,160,1073.6666666666667,0.0,1.0,1.0,60.0,1.0,1.0,1.0,0.0,0.0,-1.0,-1.0,53.061915580420816,53.061915580420816,119.84475939240588,0.0,119.84475939240588,-1.5186185000718098,1.8857508147599827e-11,0.4431956039988987,1.0,-0.1100661583453006,607166.6666666666,0.0,3,experiments/snn_reset/results/snn_reset_validated_grid_20260606T043336Z/conditioned_electrode_association
b-2_static_shared_3s_50uA,conditioned_electrode_association,-2.0,static,shared,3.0,50.0,160,1513.6666666666667,0.0,1.0,1.0,60.0,1.0,1.0,1.0,0.0,0.0,-1.0,-1.0,53.061915580420816,53.061915580420816,94.15979447196418,0.0,94.15979447196418,-1.0939791812565074,1.8857508147599827e-11,0.528095333969321,1.0,-0.1020152862718793,666373.0,0.0,3,experiments/snn_reset/results/snn_reset_validated_grid_20260606T043336Z/conditioned_electrode_association
b2_gated_burst_correlated_3s_50uA,conditioned_electrode_association,2.0,gated_burst,correlated,3.0,50.0,160,637.3333333333334,0.0,1.0,1.0,60.0,1.0,1.0,1.0,0.0,0.0,-1.0,-1.0,53.061915580420816,53.061915580420816,63.25697184325454,0.0,63.25697184325454,-0.6073868156706613,1.8857508147599827e-11,0.6717621656732988,1.0,-0.0765023056899366,345530.0,0.0,3,experiments/snn_reset/results/snn_reset_validated_grid_20260606T043336Z/conditioned_electrode_association
b-2_gated_burst_correlated_3s_50uA,conditioned_electrode_association,-2.0,gated_burst,correlated,3.0,50.0,160,610.0,0.0,1.0,1.0,60.0,1.0,1.0,1.0,0.0,0.0,-1.0,-1.0,53.061915580420816,53.061915580420816,60.758565772897974,0.0,60.758565772897974,-0.5670815271772399,1.8857508147599827e-11,0.6848050783877581,1.0,-0.0714061022412666,329947.3333333333,0.0,3,experiments/snn_reset/results/snn_reset_validated_grid_20260606T043336Z/conditioned_electrode_association
b0_gated_burst_correlated_3s_50uA,conditioned_electrode_association,0.0,gated_burst,correlated,3.0,50.0,160,569.0,0.0,1.0,1.0,60.0,1.0,1.0,1.0,0.0,0.0,-1.0,-1.0,53.061915580420816,53.061915580420816,52.16546196506358,0.0,52.16546196506358,-0.4517779526893775,1.8857508147599827e-11,0.7379257697622766,1.0,-0.0685139457237809,297751.6666666667,0.0,3,experiments/snn_reset/results/snn_reset_validated_grid_20260606T043336Z/conditioned_electrode_association
b-2_static_correlated_3s_50uA,conditioned_electrode_association,-2.0,static,correlated,3.0,50.0,160,894.3333333333334,0.0,1.0,1.0,60.0,1.0,1.0,1.0,0.0,0.0,-1.0,-1.0,53.061915580420816,53.061915580420816,49.96791745441957,0.0,49.96791745441957,-0.4237429351973643,1.8857508147599827e-11,0.7511823646121725,1.0,-0.0688183306585196,269400.0,0.0,3,experiments/snn_reset/results/snn_reset_validated_grid_20260606T043336Z/conditioned_electrode_association
b-2_epoch_pause_correlated_3s_50uA,conditioned_electrode_association,-2.0,epoch_pause,correlated,3.0,50.0,160,614.6666666666666,0.0,1.0,1.0,60.0,1.0,1.0,1.0,0.0,0.0,-1.0,-1.0,53.061915580420816,53.061915580420816,34.969373933940155,0.0,34.969373933940155,-0.2440083220458229,1.8857508147599827e-11,0.8494545131454418,1.0,-0.0562017929641114,172374.66666666666,0.0,3,experiments/snn_reset/results/snn_reset_validated_grid_20260606T043336Z/conditioned_electrode_association
b0_static_correlated_3s_50uA,conditioned_electrode_association,0.0,static,correlated,3.0,50.0,160,596.0,0.0,1.0,1.0,60.0,1.0,1.0,1.0,0.0,0.0,-1.0,-1.0,53.061915580420816,53.061915580420816,33.53892148565935,0.0,33.53892148565935,-0.2242780677134183,1.8857508147599827e-11,0.8575144744117956,1.0,-0.0489837819723556,144755.33333333334,0.0,3,experiments/snn_reset/results/snn_reset_validated_grid_20260606T043336Z/conditioned_electrode_association
b-2_alternating_blue_red_correlated_3s_50uA,conditioned_electrode_association,-2.0,alternating_blue_red,correlated,3.0,50.0,160,553.6666666666666,0.0,1.0,1.0,60.0,1.0,1.0,1.0,0.0,0.0,-1.0,-1.0,53.061915580420816,53.061915580420816,32.44889805317661,0.0,32.44889805317661,-0.2138490643907584,1.8857508147599827e-11,0.8645233215731046,1.0,-0.0491626612198481,147730.33333333334,0.0,3,experiments/snn_reset/results/snn_reset_validated_grid_20260606T043336Z/conditioned_electrode_association
b0_alternating_blue_red_correlated_3s_50uA,conditioned_electrode_association,0.0,alternating_blue_red,correlated,3.0,50.0,160,553.6666666666666,0.0,1.0,1.0,60.0,1.0,1.0,1.0,0.0,0.0,-1.0,-1.0,53.061915580420816,53.061915580420816,32.44889805317661,0.0,32.44889805317661,-0.2138490643907584,1.8857508147599827e-11,0.8645233215731046,1.0,-0.0491626612198481,147730.33333333334,0.0,3,experiments/snn_reset/results/snn_reset_validated_grid_20260606T043336Z/conditioned_electrode_association
b2_alternating_blue_red_correlated_3s_50uA,conditioned_electrode_association,2.0,alternating_blue_red,correlated,3.0,50.0,160,553.6666666666666,0.0,1.0,1.0,60.0,1.0,1.0,1.0,0.0,0.0,-1.0,-1.0,53.061915580420816,53.061915580420816,32.44889805317661,0.0,32.44889805317661,-0.2138490643907584,1.8857508147599827e-11,0.8645233215731046,1.0,-0.0491626612198481,147730.33333333334,0.0,3,experiments/snn_reset/results/snn_reset_validated_grid_20260606T043336Z/conditioned_electrode_association
b2_epoch_pause_shared_3s_50uA,conditioned_electrode_association,2.0,epoch_pause,shared,3.0,50.0,160,452.3333333333333,0.0,1.0,1.0,60.0,1.0,1.0,1.0,0.0,0.0,-1.0,-1.0,53.061915580420816,53.061915580420816,26.25041298777603,0.0,26.25041298777603,-0.1599535038969782,1.8857508147599827e-11,0.9038984323257068,1.0,-0.0470705133591853,135978.0,0.0,3,experiments/snn_reset/results/snn_reset_validated_grid_20260606T043336Z/conditioned_electrode_association
b2_static_correlated_3s_50uA,conditioned_electrode_association,2.0,static,correlated,3.0,50.0,160,406.6666666666667,0.0,1.0,1.0,60.0,1.0,1.0,1.0,0.0,0.0,-1.0,-1.0,53.061915580420816,53.061915580420816,24.18134032113984,0.0,24.18134032113984,-0.1339197326681269,1.8857508147599827e-11,0.9162798532806588,1.0,-0.0385948498797901,99431.0,0.0,3,experiments/snn_reset/results/snn_reset_validated_grid_20260606T043336Z/conditioned_electrode_association
b2_epoch_pause_correlated_3s_50uA,conditioned_electrode_association,2.0,epoch_pause,correlated,3.0,50.0,160,276.0,0.0,1.0,1.0,60.0,1.0,1.0,1.0,0.0,0.0,-1.0,-1.0,53.061915580420816,53.061915580420816,17.876212703374872,0.0,17.876212703374872,-0.0775762100618071,1.8857508147599827e-11,0.9496713293584018,1.0,-0.0233175601385163,61778.666666666664,0.0,3,experiments/snn_reset/results/snn_reset_validated_grid_20260606T043336Z/conditioned_electrode_association
b-2_chirp_shared_3s_10uA,conditioned_electrode_association,-2.0,chirp,shared,3.0,10.0,160,3716.3333333333335,0.0,1.0,1.0,60.0,1.0,1.0,1.0,0.0,0.0,-1.0,-1.0,53.061915580420816,53.061915580420816,15.17385263284146,0.0,15.17385263284146,-0.0479969390551489,1.8857508147599827e-11,0.9610116777618732,1.0,-0.006828394257013,42606.0,0.0,3,experiments/snn_reset/results/snn_reset_validated_grid_20260606T043336Z/conditioned_electrode_association
b2_gated_burst_shared_3s_10uA,conditioned_electrode_association,2.0,gated_burst,shared,3.0,10.0,160,1073.6666666666667,0.0,1.0,1.0,60.0,1.0,1.0,1.0,0.0,0.0,-1.0,-1.0,53.061915580420816,53.061915580420816,13.146629539626437,0.0,13.146629539626437,-0.0367086652066435,1.8857508147599827e-11,0.9712966023009691,1.0,-0.0065580027218352,43503.333333333336,0.0,3,experiments/snn_reset/results/snn_reset_validated_grid_20260606T043336Z/conditioned_electrode_association
b2_chirp_shared_3s_10uA,conditioned_electrode_association,2.0,chirp,shared,3.0,10.0,160,1738.0,0.0,1.0,1.0,60.0,1.0,1.0,1.0,0.0,0.0,-1.0,-1.0,53.061915580420816,53.061915580420816,7.682381859949378,0.0,7.682381859949378,-0.0138689898953991,1.8857508147599827e-11,0.9883423112861824,1.0,-0.0019322677549078,14074.333333333334,0.0,3,experiments/snn_reset/results/snn_reset_validated_grid_20260606T043336Z/conditioned_electrode_association
b0_chirp_shared_3s_10uA,conditioned_electrode_association,0.0,chirp,shared,3.0,10.0,160,2567.3333333333335,0.0,1.0,1.0,60.0,1.0,1.0,1.0,0.0,0.0,-1.0,-1.0,53.061915580420816,53.061915580420816,4.197681565998654,0.0,4.197681565998654,-0.0046664863955257,1.8857508147599827e-11,0.9967134007611436,1.0,-0.0013737446535186,6152.333333333333,0.0,3,experiments/snn_reset/results/snn_reset_validated_grid_20260606T043336Z/conditioned_electrode_association
b0_gated_burst_shared_3s_10uA,conditioned_electrode_association,0.0,gated_burst,shared,3.0,10.0,160,1018.0,0.0,1.0,1.0,60.0,1.0,1.0,1.0,0.0,0.0,-1.0,-1.0,53.061915580420816,53.061915580420816,3.851823987776777,0.0,3.851823987776777,-0.0029099905005369,1.8857508147599827e-11,0.9973634964050024,1.0,-0.0002759931652675,4868.666666666667,0.0,3,experiments/snn_reset/results/snn_reset_validated_grid_20260606T043336Z/conditioned_electrode_association
b-2_chirp_correlated_3s_10uA,conditioned_electrode_association,-2.0,chirp,correlated,3.0,10.0,160,2179.3333333333335,0.0,1.0,1.0,60.0,1.0,1.0,1.0,0.0,0.0,-1.0,-1.0,53.061915580420816,53.061915580420816,3.723531745573299,0.0,3.723531745573299,-0.0057134810529253,1.8857508147599827e-11,0.9974220297347088,1.0,-0.0031306872709494,5105.666666666667,0.0,3,experiments/snn_reset/results/snn_reset_validated_grid_20260606T043336Z/conditioned_electrode_association
b2_gated_burst_correlated_3s_10uA,conditioned_electrode_association,2.0,gated_burst,correlated,3.0,10.0,160,637.3333333333334,0.0,1.0,1.0,60.0,1.0,1.0,1.0,0.0,0.0,-1.0,-1.0,53.061915580420816,53.061915580420816,3.712976464262621,0.0,3.712976464262621,-0.0028332614942062,1.8857508147599827e-11,0.997287792761239,1.0,-0.000118339539526,4074.0,0.0,3,experiments/snn_reset/results/snn_reset_validated_grid_20260606T043336Z/conditioned_electrode_association
b-2_gated_burst_shared_3s_10uA,conditioned_electrode_association,-2.0,gated_burst,shared,3.0,10.0,160,1011.3333333333334,0.0,1.0,1.0,60.0,1.0,1.0,1.0,0.0,0.0,-1.0,-1.0,53.061915580420816,53.061915580420816,3.069214965437034,0.0,3.069214965437034,-0.0017333623760081,1.8857508147599827e-11,0.9983194856335436,1.0,-5.6995174973498424e-05,3651.3333333333335,0.0,3,experiments/snn_reset/results/snn_reset_validated_grid_20260606T043336Z/conditioned_electrode_association
b0_chirp_correlated_3s_10uA,conditioned_electrode_association,0.0,chirp,correlated,3.0,10.0,160,1495.3333333333333,0.0,1.0,1.0,60.0,1.0,1.0,1.0,0.0,0.0,-1.0,-1.0,53.061915580420816,53.061915580420816,1.3269355026590943,0.0,1.3269355026590943,-0.0009176475448292,1.8857508147599827e-11,0.9996597134228492,1.0,-0.0005785374008988,791.3333333333334,0.0,3,experiments/snn_reset/results/snn_reset_validated_grid_20260606T043336Z/conditioned_electrode_association
b2_chirp_correlated_3s_10uA,conditioned_electrode_association,2.0,chirp,correlated,3.0,10.0,160,986.3333333333334,0.0,1.0,1.0,60.0,1.0,1.0,1.0,0.0,0.0,-1.0,-1.0,53.061915580420816,53.061915580420816,1.2391662507029728,0.0,1.2391662507029728,-0.0005983356864361,1.8857508147599827e-11,0.99961094599437,1.0,-0.0002105363232204,978.3333333333334,0.0,3,experiments/snn_reset/results/snn_reset_validated_grid_20260606T043336Z/conditioned_electrode_association
b-2_gated_burst_correlated_3s_10uA,conditioned_electrode_association,-2.0,gated_burst,correlated,3.0,10.0,160,610.0,0.0,1.0,1.0,60.0,1.0,1.0,1.0,0.0,0.0,-1.0,-1.0,53.061915580420816,53.061915580420816,1.1949484981239538,0.0,1.1949484981239538,-0.000346056836057,1.8857508147599827e-11,0.9996703817497706,1.0,-1.769254094182583e-05,648.0,0.0,3,experiments/snn_reset/results/snn_reset_validated_grid_20260606T043336Z/conditioned_electrode_association
b0_gated_burst_correlated_3s_10uA,conditioned_electrode_association,0.0,gated_burst,correlated,3.0,10.0,160,569.0,0.0,1.0,1.0,60.0,1.0,1.0,1.0,0.0,0.0,-1.0,-1.0,53.061915580420816,53.061915580420816,1.0414109912954963,0.0,1.0414109912954963,-0.000331829303901,1.8857508147599827e-11,0.99966698193293,1.0,0.0,607.0,0.0,3,experiments/snn_reset/results/snn_reset_validated_grid_20260606T043336Z/conditioned_electrode_association
b-2_static_shared_3s_10uA,conditioned_electrode_association,-2.0,static,shared,3.0,10.0,160,1513.6666666666667,0.0,1.0,1.0,60.0,1.0,1.0,1.0,0.0,0.0,-1.0,-1.0,53.061915580420816,53.061915580420816,0.0700858547183824,0.0,0.0700858547183824,-2.503955104889618e-06,1.8857508147599827e-11,0.9999974844978708,1.0,0.0,22.333333333333332,0.0,3,experiments/snn_reset/results/snn_reset_validated_grid_20260606T043336Z/conditioned_electrode_association
b-2_alternating_blue_red_shared_3s_10uA,conditioned_electrode_association,-2.0,alternating_blue_red,shared,3.0,10.0,160,918.6666666666666,0.0,1.0,1.0,60.0,1.0,1.0,1.0,0.0,0.0,-1.0,-1.0,53.061915580420816,53.061915580420816,0.0443082003041972,0.0,0.0443082003041972,-1.0007603192067431e-06,1.8857508147599827e-11,0.9999989946085088,1.0,0.0,17.333333333333332,0.0,3,experiments/snn_reset/results/snn_reset_validated_grid_20260606T043336Z/conditioned_electrode_association
b0_alternating_blue_red_shared_3s_10uA,conditioned_electrode_association,0.0,alternating_blue_red,shared,3.0,10.0,160,918.6666666666666,0.0,1.0,1.0,60.0,1.0,1.0,1.0,0.0,0.0,-1.0,-1.0,53.061915580420816,53.061915580420816,0.0443082003041972,0.0,0.0443082003041972,-1.0007603192067431e-06,1.8857508147599827e-11,0.9999989946085088,1.0,0.0,17.333333333333332,0.0,3,experiments/snn_reset/results/snn_reset_validated_grid_20260606T043336Z/conditioned_electrode_association
b2_alternating_blue_red_shared_3s_10uA,conditioned_electrode_association,2.0,alternating_blue_red,shared,3.0,10.0,160,918.6666666666666,0.0,1.0,1.0,60.0,1.0,1.0,1.0,0.0,0.0,-1.0,-1.0,53.061915580420816,53.061915580420816,0.0443082003041972,0.0,0.0443082003041972,-1.0007603192067431e-06,1.8857508147599827e-11,0.9999989946085088,1.0,0.0,17.333333333333332,0.0,3,experiments/snn_reset/results/snn_reset_validated_grid_20260606T043336Z/conditioned_electrode_association
b0_static_shared_3s_10uA,conditioned_electrode_association,0.0,static,shared,3.0,10.0,160,1002.6666666666666,0.0,1.0,1.0,60.0,1.0,1.0,1.0,0.0,0.0,-1.0,-1.0,53.061915580420816,53.061915580420816,0.0380023115017381,0.0,0.0380023115017381,-7.361716936049589e-07,1.8857508147599827e-11,0.9999992604158816,1.0,0.0,9.0,0.0,3,experiments/snn_reset/results/snn_reset_validated_grid_20260606T043336Z/conditioned_electrode_association
b-2_epoch_pause_shared_3s_10uA,conditioned_electrode_association,-2.0,epoch_pause,shared,3.0,10.0,160,1142.0,0.0,1.0,1.0,60.0,1.0,1.0,1.0,0.0,0.0,-1.0,-1.0,53.061915580420816,53.061915580420816,0.0361168664558963,0.0,0.0361168664558963,-6.783971232178961e-07,1.8857508147599827e-11,0.999999318453372,1.0,0.0,11.333333333333334,0.0,3,experiments/snn_reset/results/snn_reset_validated_grid_20260606T043336Z/conditioned_electrode_association
b2_static_shared_3s_10uA,conditioned_electrode_association,2.0,static,shared,3.0,10.0,160,689.3333333333334,0.0,1.0,1.0,60.0,1.0,1.0,1.0,0.0,0.0,-1.0,-1.0,53.061915580420816,53.061915580420816,0.0357677410812313,0.0,0.0357677410812313,-6.521398433860052e-07,1.8857508147599827e-11,0.99999934483575,1.0,0.0,8.666666666666666,0.0,3,experiments/snn_reset/results/snn_reset_validated_grid_20260606T043336Z/conditioned_electrode_association
b-2_alternating_blue_red_correlated_3s_10uA,conditioned_electrode_association,-2.0,alternating_blue_red,correlated,3.0,10.0,160,553.6666666666666,0.0,1.0,1.0,60.0,1.0,1.0,1.0,0.0,0.0,-1.0,-1.0,53.061915580420816,53.061915580420816,0.0,0.0,0.0,1.8857508147599827e-11,1.8857508147599827e-11,1.0,1.0,0.0,0.0,0.0,3,experiments/snn_reset/results/snn_reset_validated_grid_20260606T043336Z/conditioned_electrode_association
b-2_epoch_pause_correlated_3s_10uA,conditioned_electrode_association,-2.0,epoch_pause,correlated,3.0,10.0,160,614.6666666666666,0.0,1.0,1.0,60.0,1.0,1.0,1.0,0.0,0.0,-1.0,-1.0,53.061915580420816,53.061915580420816,0.0,0.0,0.0,1.8857508147599827e-11,1.8857508147599827e-11,1.0,1.0,0.0,0.0,0.0,3,experiments/snn_reset/results/snn_reset_validated_grid_20260606T043336Z/conditioned_electrode_association
b-2_static_correlated_3s_10uA,conditioned_electrode_association,-2.0,static,correlated,3.0,10.0,160,894.3333333333334,0.0,1.0,1.0,60.0,1.0,1.0,1.0,0.0,0.0,-1.0,-1.0,53.061915580420816,53.061915580420816,0.0,0.0,0.0,1.8857508147599827e-11,1.8857508147599827e-11,1.0,1.0,0.0,0.0,0.0,3,experiments/snn_reset/results/snn_reset_validated_grid_20260606T043336Z/conditioned_electrode_association
b0_alternating_blue_red_correlated_3s_10uA,conditioned_electrode_association,0.0,alternating_blue_red,correlated,3.0,10.0,160,553.6666666666666,0.0,1.0,1.0,60.0,1.0,1.0,1.0,0.0,0.0,-1.0,-1.0,53.061915580420816,53.061915580420816,0.0,0.0,0.0,1.8857508147599827e-11,1.8857508147599827e-11,1.0,1.0,0.0,0.0,0.0,3,experiments/snn_reset/results/snn_reset_validated_grid_20260606T043336Z/conditioned_electrode_association
b0_epoch_pause_correlated_3s_10uA,conditioned_electrode_association,0.0,epoch_pause,correlated,3.0,10.0,160,403.6666666666667,0.0,1.0,1.0,60.0,1.0,1.0,1.0,0.0,0.0,-1.0,-1.0,53.061915580420816,53.061915580420816,0.0,0.0,0.0,1.8857508147599827e-11,1.8857508147599827e-11,1.0,1.0,0.0,0.0,0.0,3,experiments/snn_reset/results/snn_reset_validated_grid_20260606T043336Z/conditioned_electrode_association
b0_epoch_pause_shared_3s_10uA,conditioned_electrode_association,0.0,epoch_pause,shared,3.0,10.0,160,713.0,0.0,1.0,1.0,60.0,1.0,1.0,1.0,0.0,0.0,-1.0,-1.0,53.061915580420816,53.061915580420816,0.0,0.0,0.0,1.8857508147599827e-11,1.8857508147599827e-11,1.0,1.0,0.0,0.0,0.0,3,experiments/snn_reset/results/snn_reset_validated_grid_20260606T043336Z/conditioned_electrode_association
b0_static_correlated_3s_10uA,conditioned_electrode_association,0.0,static,correlated,3.0,10.0,160,596.0,0.0,1.0,1.0,60.0,1.0,1.0,1.0,0.0,0.0,-1.0,-1.0,53.061915580420816,53.061915580420816,0.0,0.0,0.0,1.8857508147599827e-11,1.8857508147599827e-11,1.0,1.0,0.0,0.0,0.0,3,experiments/snn_reset/results/snn_reset_validated_grid_20260606T043336Z/conditioned_electrode_association
b2_alternating_blue_red_correlated_3s_10uA,conditioned_electrode_association,2.0,alternating_blue_red,correlated,3.0,10.0,160,553.6666666666666,0.0,1.0,1.0,60.0,1.0,1.0,1.0,0.0,0.0,-1.0,-1.0,53.061915580420816,53.061915580420816,0.0,0.0,0.0,1.8857508147599827e-11,1.8857508147599827e-11,1.0,1.0,0.0,0.0,0.0,3,experiments/snn_reset/results/snn_reset_validated_grid_20260606T043336Z/conditioned_electrode_association
b2_epoch_pause_correlated_3s_10uA,conditioned_electrode_association,2.0,epoch_pause,correlated,3.0,10.0,160,276.0,0.0,1.0,1.0,60.0,1.0,1.0,1.0,0.0,0.0,-1.0,-1.0,53.061915580420816,53.061915580420816,0.0,0.0,0.0,1.8857508147599827e-11,1.8857508147599827e-11,1.0,1.0,0.0,0.0,0.0,3,experiments/snn_reset/results/snn_reset_validated_grid_20260606T043336Z/conditioned_electrode_association
b2_epoch_pause_shared_3s_10uA,conditioned_electrode_association,2.0,epoch_pause,shared,3.0,10.0,160,452.3333333333333,0.0,1.0,1.0,60.0,1.0,1.0,1.0,0.0,0.0,-1.0,-1.0,53.061915580420816,53.061915580420816,0.0,0.0,0.0,1.8857508147599827e-11,1.8857508147599827e-11,1.0,1.0,0.0,0.0,0.0,3,experiments/snn_reset/results/snn_reset_validated_grid_20260606T043336Z/conditioned_electrode_association
b2_static_correlated_3s_10uA,conditioned_electrode_association,2.0,static,correlated,3.0,10.0,160,406.6666666666667,0.0,1.0,1.0,60.0,1.0,1.0,1.0,0.0,0.0,-1.0,-1.0,53.061915580420816,53.061915580420816,0.0,0.0,0.0,1.8857508147599827e-11,1.8857508147599827e-11,1.0,1.0,0.0,0.0,0.0,3,experiments/snn_reset/results/snn_reset_validated_grid_20260606T043336Z/conditioned_electrode_association
b-2_chirp_shared_3s_50uA,evoked_channel_response,-2.0,chirp,shared,3.0,50.0,160,3716.3333333333335,1.0,1.0,0.0,0.0,1.0,0.875,1.0,-0.125,1.0,0.0,0.0,0.0,0.0,317.2458438710585,0.0,317.2458438710585,-317245843870.05853,1.0,0.0,0.0,0.0,2162160.3333333335,0.0,3,experiments/snn_reset/results/snn_reset_validated_grid_20260606T043336Z/evoked_channel_response
b0_chirp_shared_3s_50uA,evoked_channel_response,0.0,chirp,shared,3.0,50.0,160,2567.3333333333335,1.0,1.0,0.0,0.0,1.0,0.9166666666666666,1.0,-0.0833333333333333,1.0,0.0,0.0,0.0,0.0,251.2056621639451,0.0,251.2056621639451,-251205662162.94507,1.0,0.0,0.0,0.0,1393704.0,0.0,3,experiments/snn_reset/results/snn_reset_validated_grid_20260606T043336Z/evoked_channel_response
b-2_chirp_correlated_3s_50uA,evoked_channel_response,-2.0,chirp,correlated,3.0,50.0,160,2179.3333333333335,1.0,1.0,0.0,0.0,1.0,0.9166666666666666,1.0,-0.0833333333333333,1.0,0.0,0.0,0.0,0.0,215.6029082800388,0.0,215.6029082800388,-215602908279.0388,1.0,0.0,0.0,0.0,1118843.0,0.0,3,experiments/snn_reset/results/snn_reset_validated_grid_20260606T043336Z/evoked_channel_response
b2_chirp_shared_3s_50uA,evoked_channel_response,2.0,chirp,shared,3.0,50.0,160,1738.0,1.0,1.0,0.0,0.0,1.0,0.9583333333333334,1.0,-0.0416666666666666,1.0,0.0,0.0,0.0,0.0,152.78833342160007,0.0,152.78833342160007,-152788333420.60007,1.0,0.0,0.0,0.0,857323.3333333334,0.0,3,experiments/snn_reset/results/snn_reset_validated_grid_20260606T043336Z/evoked_channel_response
b0_chirp_correlated_3s_50uA,evoked_channel_response,0.0,chirp,correlated,3.0,50.0,160,1495.3333333333333,1.0,1.0,0.0,0.0,1.0,0.9583333333333334,1.0,-0.0416666666666666,1.0,0.0,0.0,0.0,0.0,100.62247120329182,0.0,100.62247120329182,-100622471202.29182,1.0,0.0,0.0,0.0,640634.6666666666,0.0,3,experiments/snn_reset/results/snn_reset_validated_grid_20260606T043336Z/evoked_channel_response
b-2_epoch_pause_shared_3s_50uA,evoked_channel_response,-2.0,epoch_pause,shared,3.0,50.0,160,1142.0,1.0,1.0,0.0,0.0,1.0,0.9583333333333334,1.0,-0.0416666666666666,1.0,0.0,0.0,0.0,0.0,67.08351579336828,0.0,67.08351579336828,-67083515792.368286,1.0,0.0,0.0,0.0,499462.6666666667,0.0,3,experiments/snn_reset/results/snn_reset_validated_grid_20260606T043336Z/evoked_channel_response
b2_chirp_correlated_3s_50uA,evoked_channel_response,2.0,chirp,correlated,3.0,50.0,160,986.3333333333334,1.0,1.0,0.0,0.0,1.0,0.9583333333333334,1.0,-0.0416666666666666,1.0,0.0,0.0,0.0,0.0,57.55240409750047,0.0,57.55240409750047,-57552404096.500465,1.0,0.0,0.0,0.0,376959.3333333333,0.0,3,experiments/snn_reset/results/snn_reset_validated_grid_20260606T043336Z/evoked_channel_response
b0_static_shared_3s_50uA,evoked_channel_response,0.0,static,shared,3.0,50.0,160,1002.6666666666666,1.0,1.0,0.0,0.0,1.0,0.9583333333333334,1.0,-0.0416666666666666,1.0,0.0,0.0,0.0,0.0,47.72862051460163,0.0,47.72862051460163,-47728620513.60162,1.0,0.0,0.0,0.0,332511.0,0.0,3,experiments/snn_reset/results/snn_reset_validated_grid_20260606T043336Z/evoked_channel_response
b-2_alternating_blue_red_shared_3s_50uA,evoked_channel_response,-2.0,alternating_blue_red,shared,3.0,50.0,160,918.6666666666666,1.0,1.0,0.0,0.0,1.0,0.9583333333333334,1.0,-0.0416666666666666,1.0,0.0,0.0,0.0,0.0,45.04218808547416,0.0,45.04218808547416,-45042188084.47416,1.0,0.0,0.0,0.0,324352.6666666667,0.0,3,experiments/snn_reset/results/snn_reset_validated_grid_20260606T043336Z/evoked_channel_response
b0_alternating_blue_red_shared_3s_50uA,evoked_channel_response,0.0,alternating_blue_red,shared,3.0,50.0,160,918.6666666666666,1.0,1.0,0.0,0.0,1.0,0.9583333333333334,1.0,-0.0416666666666666,1.0,0.0,0.0,0.0,0.0,45.04218808547416,0.0,45.04218808547416,-45042188084.47416,1.0,0.0,0.0,0.0,324352.6666666667,0.0,3,experiments/snn_reset/results/snn_reset_validated_grid_20260606T043336Z/evoked_channel_response
b2_alternating_blue_red_shared_3s_50uA,evoked_channel_response,2.0,alternating_blue_red,shared,3.0,50.0,160,918.6666666666666,1.0,1.0,0.0,0.0,1.0,0.9583333333333334,1.0,-0.0416666666666666,1.0,0.0,0.0,0.0,0.0,45.04218808547416,0.0,45.04218808547416,-45042188084.47416,1.0,0.0,0.0,0.0,324352.6666666667,0.0,3,experiments/snn_reset/results/snn_reset_validated_grid_20260606T043336Z/evoked_channel_response
b2_static_shared_3s_50uA,evoked_channel_response,2.0,static,shared,3.0,50.0,160,689.3333333333334,1.0,1.0,0.0,0.0,1.0,0.9583333333333334,1.0,-0.0416666666666666,1.0,0.0,0.0,0.0,0.0,36.0058182198219,0.0,36.0058182198219,-36005818218.8219,1.0,0.0,0.0,0.0,242591.0,0.0,3,experiments/snn_reset/results/snn_reset_validated_grid_20260606T043336Z/evoked_channel_response
b0_epoch_pause_shared_3s_50uA,evoked_channel_response,0.0,epoch_pause,shared,3.0,50.0,160,713.0,1.0,1.0,0.0,0.0,1.0,0.9583333333333334,1.0,-0.0416666666666666,1.0,0.0,0.0,0.0,0.0,35.62634747202736,0.0,35.62634747202736,-35626347471.02736,1.0,0.0,0.0,0.0,233768.33333333337,0.0,3,experiments/snn_reset/results/snn_reset_validated_grid_20260606T043336Z/evoked_channel_response
b0_gated_burst_shared_3s_50uA,evoked_channel_response,0.0,gated_burst,shared,3.0,50.0,160,1018.0,1.0,1.0,0.0,0.0,1.0,1.0,1.0,0.0,1.0,0.0,0.0,0.0,0.0,130.8365673541553,0.0,130.8365673541553,-130836567353.15532,1.0,0.0,0.0,0.0,608789.0,0.0,3,experiments/snn_reset/results/snn_reset_validated_grid_20260606T043336Z/evoked_channel_response
b-2_gated_burst_shared_3s_50uA,evoked_channel_response,-2.0,gated_burst,shared,3.0,50.0,160,1011.3333333333334,1.0,1.0,0.0,0.0,1.0,1.0,1.0,0.0,1.0,0.0,0.0,0.0,0.0,128.7752028392374,0.0,128.7752028392374,-128775202838.23744,1.0,0.0,0.0,0.0,613669.6666666666,0.0,3,experiments/snn_reset/results/snn_reset_validated_grid_20260606T043336Z/evoked_channel_response
b2_gated_burst_shared_3s_50uA,evoked_channel_response,2.0,gated_burst,shared,3.0,50.0,160,1073.6666666666667,1.0,1.0,0.0,0.0,1.0,1.0,1.0,0.0,1.0,0.0,0.0,0.0,0.0,116.04748116221651,0.0,116.04748116221651,-116047481161.21648,1.0,0.0,0.0,0.0,602604.0,0.0,3,experiments/snn_reset/results/snn_reset_validated_grid_20260606T043336Z/evoked_channel_response
b-2_static_shared_3s_50uA,evoked_channel_response,-2.0,static,shared,3.0,50.0,160,1513.6666666666667,1.0,1.0,0.0,0.0,1.0,1.0,1.0,0.0,1.0,0.0,0.0,0.0,0.0,86.79342532471969,0.0,86.79342532471969,-86793425323.71971,1.0,0.0,0.0,0.0,657261.3333333334,0.0,3,experiments/snn_reset/results/snn_reset_validated_grid_20260606T043336Z/evoked_channel_response
b2_gated_burst_correlated_3s_50uA,evoked_channel_response,2.0,gated_burst,correlated,3.0,50.0,160,637.3333333333334,1.0,1.0,0.0,0.0,1.0,1.0,1.0,0.0,1.0,0.0,0.0,0.0,0.0,59.6220317240875,0.0,59.6220317240875,-59622031723.087494,1.0,0.0,0.0,0.0,342995.0,0.0,3,experiments/snn_reset/results/snn_reset_validated_grid_20260606T043336Z/evoked_channel_response
b-2_gated_burst_correlated_3s_50uA,evoked_channel_response,-2.0,gated_burst,correlated,3.0,50.0,160,610.0,1.0,1.0,0.0,0.0,1.0,1.0,1.0,0.0,1.0,0.0,0.0,0.0,0.0,58.00293311300367,0.0,58.00293311300367,-58002933112.00366,1.0,0.0,0.0,0.0,327815.3333333333,0.0,3,experiments/snn_reset/results/snn_reset_validated_grid_20260606T043336Z/evoked_channel_response
b0_gated_burst_correlated_3s_50uA,evoked_channel_response,0.0,gated_burst,correlated,3.0,50.0,160,569.0,1.0,1.0,0.0,0.0,1.0,1.0,1.0,0.0,1.0,0.0,0.0,0.0,0.0,49.19638171343177,0.0,49.19638171343177,-49196381712.43176,1.0,0.0,0.0,0.0,295355.6666666667,0.0,3,experiments/snn_reset/results/snn_reset_validated_grid_20260606T043336Z/evoked_channel_response
b-2_static_correlated_3s_50uA,evoked_channel_response,-2.0,static,correlated,3.0,50.0,160,894.3333333333334,1.0,1.0,0.0,0.0,1.0,1.0,1.0,0.0,1.0,0.0,0.0,0.0,0.0,46.737242207719184,0.0,46.737242207719184,-46737242206.71918,1.0,0.0,0.0,0.0,263774.6666666667,0.0,3,experiments/snn_reset/results/snn_reset_validated_grid_20260606T043336Z/evoked_channel_response
b-2_epoch_pause_correlated_3s_50uA,evoked_channel_response,-2.0,epoch_pause,correlated,3.0,50.0,160,614.6666666666666,1.0,1.0,0.0,0.0,1.0,1.0,1.0,0.0,1.0,0.0,0.0,0.0,0.0,33.16867581363796,0.0,33.16867581363796,-33168675812.63796,1.0,0.0,0.0,0.0,167854.33333333334,0.0,3,experiments/snn_reset/results/snn_reset_validated_grid_20260606T043336Z/evoked_channel_response
b0_static_correlated_3s_50uA,evoked_channel_response,0.0,static,correlated,3.0,50.0,160,596.0,1.0,1.0,0.0,0.0,1.0,1.0,1.0,0.0,1.0,0.0,0.0,0.0,0.0,32.337072396511026,0.0,32.337072396511026,-32337072395.51102,1.0,0.0,0.0,0.0,141096.0,0.0,3,experiments/snn_reset/results/snn_reset_validated_grid_20260606T043336Z/evoked_channel_response
b-2_alternating_blue_red_correlated_3s_50uA,evoked_channel_response,-2.0,alternating_blue_red,correlated,3.0,50.0,160,553.6666666666666,1.0,1.0,0.0,0.0,1.0,1.0,1.0,0.0,1.0,0.0,0.0,0.0,0.0,31.257705018491567,0.0,31.257705018491567,-31257705017.49157,1.0,0.0,0.0,0.0,143920.0,0.0,3,experiments/snn_reset/results/snn_reset_validated_grid_20260606T043336Z/evoked_channel_response
b0_alternating_blue_red_correlated_3s_50uA,evoked_channel_response,0.0,alternating_blue_red,correlated,3.0,50.0,160,553.6666666666666,1.0,1.0,0.0,0.0,1.0,1.0,1.0,0.0,1.0,0.0,0.0,0.0,0.0,31.257705018491567,0.0,31.257705018491567,-31257705017.49157,1.0,0.0,0.0,0.0,143920.0,0.0,3,experiments/snn_reset/results/snn_reset_validated_grid_20260606T043336Z/evoked_channel_response
b2_alternating_blue_red_correlated_3s_50uA,evoked_channel_response,2.0,alternating_blue_red,correlated,3.0,50.0,160,553.6666666666666,1.0,1.0,0.0,0.0,1.0,1.0,1.0,0.0,1.0,0.0,0.0,0.0,0.0,31.257705018491567,0.0,31.257705018491567,-31257705017.49157,1.0,0.0,0.0,0.0,143920.0,0.0,3,experiments/snn_reset/results/snn_reset_validated_grid_20260606T043336Z/evoked_channel_response
b2_epoch_pause_shared_3s_50uA,evoked_channel_response,2.0,epoch_pause,shared,3.0,50.0,160,452.3333333333333,1.0,1.0,0.0,0.0,1.0,1.0,1.0,0.0,1.0,0.0,0.0,0.0,0.0,25.31844149040404,0.0,25.31844149040404,-25318441489.40404,1.0,0.0,0.0,0.0,133118.33333333334,0.0,3,experiments/snn_reset/results/snn_reset_validated_grid_20260606T043336Z/evoked_channel_response
b0_epoch_pause_correlated_3s_50uA,evoked_channel_response,0.0,epoch_pause,correlated,3.0,50.0,160,403.6666666666667,1.0,1.0,0.0,0.0,1.0,1.0,1.0,0.0,1.0,0.0,0.0,0.0,0.0,24.14895546342376,0.0,24.14895546342376,-24148955462.423763,1.0,0.0,0.0,0.0,92922.0,0.0,3,experiments/snn_reset/results/snn_reset_validated_grid_20260606T043336Z/evoked_channel_response
b2_static_correlated_3s_50uA,evoked_channel_response,2.0,static,correlated,3.0,50.0,160,406.6666666666667,1.0,1.0,0.0,0.0,1.0,1.0,1.0,0.0,1.0,0.0,0.0,0.0,0.0,23.632321883402852,0.0,23.632321883402852,-23632321882.40285,1.0,0.0,0.0,0.0,96812.66666666669,0.0,3,experiments/snn_reset/results/snn_reset_validated_grid_20260606T043336Z/evoked_channel_response
b2_epoch_pause_correlated_3s_50uA,evoked_channel_response,2.0,epoch_pause,correlated,3.0,50.0,160,276.0,1.0,1.0,0.0,0.0,1.0,1.0,1.0,0.0,1.0,0.0,0.0,0.0,0.0,17.52836743152703,0.0,17.52836743152703,-17528367430.527027,1.0,0.0,0.0,0.0,60546.333333333336,0.0,3,experiments/snn_reset/results/snn_reset_validated_grid_20260606T043336Z/evoked_channel_response
b-2_chirp_shared_3s_10uA,evoked_channel_response,-2.0,chirp,shared,3.0,10.0,160,3716.3333333333335,1.0,1.0,0.0,0.0,1.0,1.0,1.0,0.0,1.0,0.0,0.0,0.0,0.0,15.149153068069149,0.0,15.149153068069149,-15149153067.06915,1.0,0.0,0.0,0.0,42046.333333333336,0.0,3,experiments/snn_reset/results/snn_reset_validated_grid_20260606T043336Z/evoked_channel_response
b2_gated_burst_shared_3s_10uA,evoked_channel_response,2.0,gated_burst,shared,3.0,10.0,160,1073.6666666666667,1.0,1.0,0.0,0.0,1.0,1.0,1.0,0.0,1.0,0.0,0.0,0.0,0.0,12.95760760049128,0.0,12.95760760049128,-12957607599.491282,1.0,0.0,0.0,0.0,43022.0,0.0,3,experiments/snn_reset/results/snn_reset_validated_grid_20260606T043336Z/evoked_channel_response
b2_chirp_shared_3s_10uA,evoked_channel_response,2.0,chirp,shared,3.0,10.0,160,1738.0,1.0,1.0,0.0,0.0,1.0,1.0,1.0,0.0,1.0,0.0,0.0,0.0,0.0,7.773214311873374,0.0,7.773214311873374,-7773214310.873372,1.0,0.0,0.0,0.0,13725.0,0.0,3,experiments/snn_reset/results/snn_reset_validated_grid_20260606T043336Z/evoked_channel_response
b0_chirp_shared_3s_10uA,evoked_channel_response,0.0,chirp,shared,3.0,10.0,160,2567.3333333333335,1.0,1.0,0.0,0.0,1.0,1.0,1.0,0.0,1.0,0.0,0.0,0.0,0.0,4.145449502348343,0.0,4.145449502348343,-4145449501.3483415,1.0,0.0,0.0,0.0,5967.333333333333,0.0,3,experiments/snn_reset/results/snn_reset_validated_grid_20260606T043336Z/evoked_channel_response
b0_gated_burst_shared_3s_10uA,evoked_channel_response,0.0,gated_burst,shared,3.0,10.0,160,1018.0,1.0,1.0,0.0,0.0,1.0,1.0,1.0,0.0,1.0,0.0,0.0,0.0,0.0,3.8253707548091342,0.0,3.8253707548091342,-3825370753.809134,1.0,0.0,0.0,0.0,4756.666666666667,0.0,3,experiments/snn_reset/results/snn_reset_validated_grid_20260606T043336Z/evoked_channel_response
b2_gated_burst_correlated_3s_10uA,evoked_channel_response,2.0,gated_burst,correlated,3.0,10.0,160,637.3333333333334,1.0,1.0,0.0,0.0,1.0,1.0,1.0,0.0,1.0,0.0,0.0,0.0,0.0,3.7283602323136034,0.0,3.7283602323136034,-3728360231.313603,1.0,0.0,0.0,0.0,4063.3333333333335,0.0,3,experiments/snn_reset/results/snn_reset_validated_grid_20260606T043336Z/evoked_channel_response
b-2_chirp_correlated_3s_10uA,evoked_channel_response,-2.0,chirp,correlated,3.0,10.0,160,2179.3333333333335,1.0,1.0,0.0,0.0,1.0,1.0,1.0,0.0,1.0,0.0,0.0,0.0,0.0,3.627793479694932,0.0,3.627793479694932,-3627793478.694931,1.0,0.0,0.0,0.0,4782.333333333333,0.0,3,experiments/snn_reset/results/snn_reset_validated_grid_20260606T043336Z/evoked_channel_response
b-2_gated_burst_shared_3s_10uA,evoked_channel_response,-2.0,gated_burst,shared,3.0,10.0,160,1011.3333333333334,1.0,1.0,0.0,0.0,1.0,1.0,1.0,0.0,1.0,0.0,0.0,0.0,0.0,3.077276513161852,0.0,3.077276513161852,-3077276512.1618514,1.0,0.0,0.0,0.0,3642.6666666666665,0.0,3,experiments/snn_reset/results/snn_reset_validated_grid_20260606T043336Z/evoked_channel_response
b2_chirp_correlated_3s_10uA,evoked_channel_response,2.0,chirp,correlated,3.0,10.0,160,986.3333333333334,1.0,1.0,0.0,0.0,1.0,1.0,1.0,0.0,1.0,0.0,0.0,0.0,0.0,1.2271706858940348,0.0,1.2271706858940348,-1227170684.8940346,1.0,0.0,0.0,0.0,899.3333333333334,0.0,3,experiments/snn_reset/results/snn_reset_validated_grid_20260606T043336Z/evoked_channel_response
b0_chirp_correlated_3s_10uA,evoked_channel_response,0.0,chirp,correlated,3.0,10.0,160,1495.3333333333333,1.0,1.0,0.0,0.0,1.0,1.0,1.0,0.0,1.0,0.0,0.0,0.0,0.0,1.2016119089544324,0.0,1.2016119089544324,-1201611907.9544322,1.0,0.0,0.0,0.0,694.0,0.0,3,experiments/snn_reset/results/snn_reset_validated_grid_20260606T043336Z/evoked_channel_response
b-2_gated_burst_correlated_3s_10uA,evoked_channel_response,-2.0,gated_burst,correlated,3.0,10.0,160,610.0,1.0,1.0,0.0,0.0,1.0,1.0,1.0,0.0,1.0,0.0,0.0,0.0,0.0,1.17443732399478,0.0,1.17443732399478,-1174437322.9947798,1.0,0.0,0.0,0.0,634.6666666666666,0.0,3,experiments/snn_reset/results/snn_reset_validated_grid_20260606T043336Z/evoked_channel_response
b0_gated_burst_correlated_3s_10uA,evoked_channel_response,0.0,gated_burst,correlated,3.0,10.0,160,569.0,1.0,1.0,0.0,0.0,1.0,1.0,1.0,0.0,1.0,0.0,0.0,0.0,0.0,1.031221012957082,0.0,1.031221012957082,-1031221011.957082,1.0,0.0,0.0,0.0,604.3333333333334,0.0,3,experiments/snn_reset/results/snn_reset_validated_grid_20260606T043336Z/evoked_channel_response
b-2_static_shared_3s_10uA,evoked_channel_response,-2.0,static,shared,3.0,10.0,160,1513.6666666666667,1.0,1.0,0.0,0.0,1.0,1.0,1.0,0.0,1.0,0.0,0.0,0.0,0.0,0.0715069627021916,0.0,0.0715069627021916,-71506961.70219168,1.0,0.0,0.0,0.0,21.333333333333332,0.0,3,experiments/snn_reset/results/snn_reset_validated_grid_20260606T043336Z/evoked_channel_response
b-2_alternating_blue_red_shared_3s_10uA,evoked_channel_response,-2.0,alternating_blue_red,shared,3.0,10.0,160,918.6666666666666,1.0,1.0,0.0,0.0,1.0,1.0,1.0,0.0,1.0,0.0,0.0,0.0,0.0,0.0479058640630075,0.0,0.0479058640630075,-47905863.06300757,1.0,0.0,0.0,0.0,17.666666666666668,0.0,3,experiments/snn_reset/results/snn_reset_validated_grid_20260606T043336Z/evoked_channel_response
b0_alternating_blue_red_shared_3s_10uA,evoked_channel_response,0.0,alternating_blue_red,shared,3.0,10.0,160,918.6666666666666,1.0,1.0,0.0,0.0,1.0,1.0,1.0,0.0,1.0,0.0,0.0,0.0,0.0,0.0479058640630075,0.0,0.0479058640630075,-47905863.06300757,1.0,0.0,0.0,0.0,17.666666666666668,0.0,3,experiments/snn_reset/results/snn_reset_validated_grid_20260606T043336Z/evoked_channel_response
b2_alternating_blue_red_shared_3s_10uA,evoked_channel_response,2.0,alternating_blue_red,shared,3.0,10.0,160,918.6666666666666,1.0,1.0,0.0,0.0,1.0,1.0,1.0,0.0,1.0,0.0,0.0,0.0,0.0,0.0479058640630075,0.0,0.0479058640630075,-47905863.06300757,1.0,0.0,0.0,0.0,17.666666666666668,0.0,3,experiments/snn_reset/results/snn_reset_validated_grid_20260606T043336Z/evoked_channel_response
b2_static_shared_3s_10uA,evoked_channel_response,2.0,static,shared,3.0,10.0,160,689.3333333333334,1.0,1.0,0.0,0.0,1.0,1.0,1.0,0.0,1.0,0.0,0.0,0.0,0.0,0.0409414309517184,0.0,0.0409414309517184,-40941429.95171849,1.0,0.0,0.0,0.0,10.0,0.0,3,experiments/snn_reset/results/snn_reset_validated_grid_20260606T043336Z/evoked_channel_response
b-2_epoch_pause_shared_3s_10uA,evoked_channel_response,-2.0,epoch_pause,shared,3.0,10.0,160,1142.0,1.0,1.0,0.0,0.0,1.0,1.0,1.0,0.0,1.0,0.0,0.0,0.0,0.0,0.0316737524366446,0.0,0.0316737524366446,-31673751.43664463,1.0,0.0,0.0,0.0,9.333333333333334,0.0,3,experiments/snn_reset/results/snn_reset_validated_grid_20260606T043336Z/evoked_channel_response
b0_static_shared_3s_10uA,evoked_channel_response,0.0,static,shared,3.0,10.0,160,1002.6666666666666,1.0,1.0,0.0,0.0,1.0,1.0,1.0,0.0,1.0,0.0,0.0,0.0,0.0,0.0246793769675413,0.0,0.0246793769675413,-24679375.96754138,1.0,0.0,0.0,0.0,6.0,0.0,3,experiments/snn_reset/results/snn_reset_validated_grid_20260606T043336Z/evoked_channel_response
b-2_alternating_blue_red_correlated_3s_10uA,evoked_channel_response,-2.0,alternating_blue_red,correlated,3.0,10.0,160,553.6666666666666,1.0,1.0,0.0,0.0,1.0,1.0,1.0,0.0,1.0,0.0,0.0,0.0,0.0,0.0,0.0,0.0,1.0,1.0,0.0,0.0,0.0,0.0,0.0,3,experiments/snn_reset/results/snn_reset_validated_grid_20260606T043336Z/evoked_channel_response
b-2_epoch_pause_correlated_3s_10uA,evoked_channel_response,-2.0,epoch_pause,correlated,3.0,10.0,160,614.6666666666666,1.0,1.0,0.0,0.0,1.0,1.0,1.0,0.0,1.0,0.0,0.0,0.0,0.0,0.0,0.0,0.0,1.0,1.0,0.0,0.0,0.0,0.0,0.0,3,experiments/snn_reset/results/snn_reset_validated_grid_20260606T043336Z/evoked_channel_response
b-2_static_correlated_3s_10uA,evoked_channel_response,-2.0,static,correlated,3.0,10.0,160,894.3333333333334,1.0,1.0,0.0,0.0,1.0,1.0,1.0,0.0,1.0,0.0,0.0,0.0,0.0,0.0,0.0,0.0,1.0,1.0,0.0,0.0,0.0,0.0,0.0,3,experiments/snn_reset/results/snn_reset_validated_grid_20260606T043336Z/evoked_channel_response
b0_alternating_blue_red_correlated_3s_10uA,evoked_channel_response,0.0,alternating_blue_red,correlated,3.0,10.0,160,553.6666666666666,1.0,1.0,0.0,0.0,1.0,1.0,1.0,0.0,1.0,0.0,0.0,0.0,0.0,0.0,0.0,0.0,1.0,1.0,0.0,0.0,0.0,0.0,0.0,3,experiments/snn_reset/results/snn_reset_validated_grid_20260606T043336Z/evoked_channel_response
b0_epoch_pause_correlated_3s_10uA,evoked_channel_response,0.0,epoch_pause,correlated,3.0,10.0,160,403.6666666666667,1.0,1.0,0.0,0.0,1.0,1.0,1.0,0.0,1.0,0.0,0.0,0.0,0.0,0.0,0.0,0.0,1.0,1.0,0.0,0.0,0.0,0.0,0.0,3,experiments/snn_reset/results/snn_reset_validated_grid_20260606T043336Z/evoked_channel_response
b0_epoch_pause_shared_3s_10uA,evoked_channel_response,0.0,epoch_pause,shared,3.0,10.0,160,713.0,1.0,1.0,0.0,0.0,1.0,1.0,1.0,0.0,1.0,0.0,0.0,0.0,0.0,0.0,0.0,0.0,1.0,1.0,0.0,0.0,0.0,0.0,0.0,3,experiments/snn_reset/results/snn_reset_validated_grid_20260606T043336Z/evoked_channel_response
b0_static_correlated_3s_10uA,evoked_channel_response,0.0,static,correlated,3.0,10.0,160,596.0,1.0,1.0,0.0,0.0,1.0,1.0,1.0,0.0,1.0,0.0,0.0,0.0,0.0,0.0,0.0,0.0,1.0,1.0,0.0,0.0,0.0,0.0,0.0,3,experiments/snn_reset/results/snn_reset_validated_grid_20260606T043336Z/evoked_channel_response
b2_alternating_blue_red_correlated_3s_10uA,evoked_channel_response,2.0,alternating_blue_red,correlated,3.0,10.0,160,553.6666666666666,1.0,1.0,0.0,0.0,1.0,1.0,1.0,0.0,1.0,0.0,0.0,0.0,0.0,0.0,0.0,0.0,1.0,1.0,0.0,0.0,0.0,0.0,0.0,3,experiments/snn_reset/results/snn_reset_validated_grid_20260606T043336Z/evoked_channel_response
b2_epoch_pause_correlated_3s_10uA,evoked_channel_response,2.0,epoch_pause,correlated,3.0,10.0,160,276.0,1.0,1.0,0.0,0.0,1.0,1.0,1.0,0.0,1.0,0.0,0.0,0.0,0.0,0.0,0.0,0.0,1.0,1.0,0.0,0.0,0.0,0.0,0.0,3,experiments/snn_reset/results/snn_reset_validated_grid_20260606T043336Z/evoked_channel_response
b2_epoch_pause_shared_3s_10uA,evoked_channel_response,2.0,epoch_pause,shared,3.0,10.0,160,452.3333333333333,1.0,1.0,0.0,0.0,1.0,1.0,1.0,0.0,1.0,0.0,0.0,0.0,0.0,0.0,0.0,0.0,1.0,1.0,0.0,0.0,0.0,0.0,0.0,3,experiments/snn_reset/results/snn_reset_validated_grid_20260606T043336Z/evoked_channel_response
b2_static_correlated_3s_10uA,evoked_channel_response,2.0,static,correlated,3.0,10.0,160,406.6666666666667,1.0,1.0,0.0,0.0,1.0,1.0,1.0,0.0,1.0,0.0,0.0,0.0,0.0,0.0,0.0,0.0,1.0,1.0,0.0,0.0,0.0,0.0,0.0,3,experiments/snn_reset/results/snn_reset_validated_grid_20260606T043336Z/evoked_channel_response
b-2_chirp_shared_3s_50uA,pattern_discrimination,-2.0,chirp,shared,3.0,50.0,160,3716.3333333333335,0.0,1.0,1.0,60.0,1.0,0.4375,1.0,-0.5625,0.0,-1.0,-1.0,75.742617997426,75.742617997426,311.0412933017785,0.0,311.0412933017785,-3.235710531802624,1.3213097282971376e-11,0.2225222482938228,1.0,-0.0162299160472562,2210577.0,0.0,3,experiments/snn_reset/results/snn_reset_validated_grid_20260606T043336Z/pattern_discrimination
b0_chirp_shared_3s_50uA,pattern_discrimination,0.0,chirp,shared,3.0,50.0,160,2567.3333333333335,0.0,1.0,1.0,60.0,1.0,0.4375,1.0,-0.5625,0.0,-1.0,-1.0,75.742617997426,75.742617997426,248.30799443405425,0.0,248.30799443405425,-2.447463943051088,1.3213097282971376e-11,0.2934481274600017,1.0,-0.0545007687509338,1429977.3333333333,0.0,3,experiments/snn_reset/results/snn_reset_validated_grid_20260606T043336Z/pattern_discrimination
b-2_chirp_correlated_3s_50uA,pattern_discrimination,-2.0,chirp,correlated,3.0,50.0,160,2179.3333333333335,0.0,1.0,1.0,60.0,1.0,0.4375,1.0,-0.5625,0.0,-1.0,-1.0,75.742617997426,75.742617997426,214.1700941090231,0.0,214.1700941090231,-2.0256224633080246,1.3213097282971376e-11,0.3449386080386052,1.0,-0.0733848407037967,1143353.0,0.0,3,experiments/snn_reset/results/snn_reset_validated_grid_20260606T043336Z/pattern_discrimination
b0_chirp_correlated_3s_50uA,pattern_discrimination,0.0,chirp,correlated,3.0,50.0,160,1495.3333333333333,0.0,1.0,1.0,60.0,1.0,0.4375,1.0,-0.5625,0.0,-1.0,-1.0,75.742617997426,75.742617997426,110.17005206649856,0.0,110.17005206649856,-0.8128819419331101,1.3213097282971376e-11,0.5967800066389043,1.0,-0.0837918463821125,653900.3333333334,0.0,3,experiments/snn_reset/results/snn_reset_validated_grid_20260606T043336Z/pattern_discrimination
b-2_epoch_pause_shared_3s_50uA,pattern_discrimination,-2.0,epoch_pause,shared,3.0,50.0,160,1142.0,0.0,1.0,1.0,60.0,1.0,0.4583333333333333,1.0,-0.5416666666666666,0.0,-1.0,-1.0,75.742617997426,75.742617997426,79.03755305575942,0.0,79.03755305575942,-0.5152167338550638,1.3213097282971376e-11,0.7217968063337663,1.0,-0.0906923459318884,515289.6666666667,0.0,3,experiments/snn_reset/results/snn_reset_validated_grid_20260606T043336Z/pattern_discrimination
b2_chirp_shared_3s_50uA,pattern_discrimination,2.0,chirp,shared,3.0,50.0,160,1738.0,0.0,1.0,1.0,60.0,1.0,0.4791666666666667,1.0,-0.5208333333333334,0.0,-1.0,-1.0,75.742617997426,75.742617997426,159.31318043136503,0.0,159.31318043136503,-1.3686576593558395,1.3213097282971376e-11,0.4588002647663549,1.0,-0.0989642753313224,878056.6666666666,0.0,3,experiments/snn_reset/results/snn_reset_validated_grid_20260606T043336Z/pattern_discrimination
b0_gated_burst_shared_3s_50uA,pattern_discrimination,0.0,gated_burst,shared,3.0,50.0,160,1018.0,0.0,1.0,1.0,60.0,1.0,0.5,1.0,-0.5,0.0,-1.0,-1.0,75.742617997426,75.742617997426,138.2927256938737,0.0,138.2927256938737,-1.128921948087778,1.3213097282971376e-11,0.5112745943782634,1.0,-0.0956115202072974,620036.0,0.0,3,experiments/snn_reset/results/snn_reset_validated_grid_20260606T043336Z/pattern_discrimination
b-2_gated_burst_shared_3s_50uA,pattern_discrimination,-2.0,gated_burst,shared,3.0,50.0,160,1011.3333333333334,0.0,1.0,1.0,60.0,1.0,0.5,1.0,-0.5,0.0,-1.0,-1.0,75.742617997426,75.742617997426,135.99463249542725,0.0,135.99463249542725,-1.1019928813361568,1.3213097282971376e-11,0.5172170701405454,1.0,-0.0968851749147925,624162.6666666666,0.0,3,experiments/snn_reset/results/snn_reset_validated_grid_20260606T043336Z/pattern_discrimination
b2_gated_burst_shared_3s_50uA,pattern_discrimination,2.0,gated_burst,shared,3.0,50.0,160,1073.6666666666667,0.0,1.0,1.0,60.0,1.0,0.5,1.0,-0.5,0.0,-1.0,-1.0,75.742617997426,75.742617997426,123.0166767249432,0.0,123.0166767249432,-0.9608956159013304,1.3213097282971376e-11,0.5597905337976451,1.0,-0.0956588131285524,612179.6666666666,0.0,3,experiments/snn_reset/results/snn_reset_validated_grid_20260606T043336Z/pattern_discrimination
b-2_static_shared_3s_50uA,pattern_discrimination,-2.0,static,shared,3.0,50.0,160,1513.6666666666667,0.0,1.0,1.0,60.0,1.0,0.5208333333333334,1.0,-0.4791666666666667,0.0,-1.0,-1.0,75.742617997426,75.742617997426,100.3496191925172,0.0,100.3496191925172,-0.720515925591446,1.3213097282971376e-11,0.6342867655237098,1.0,-0.0926174956917615,676363.6666666666,0.0,3,experiments/snn_reset/results/snn_reset_validated_grid_20260606T043336Z/pattern_discrimination
b2_chirp_correlated_3s_50uA,pattern_discrimination,2.0,chirp,correlated,3.0,50.0,160,986.3333333333334,0.0,1.0,1.0,60.0,1.0,0.75,1.0,-0.25,0.0,-1.0,-1.0,75.742617997426,75.742617997426,64.7727656017892,0.0,64.7727656017892,-0.3788356852807848,1.3213097282971376e-11,0.7839182027224124,1.0,-0.0829200807375106,386133.6666666667,0.0,3,experiments/snn_reset/results/snn_reset_validated_grid_20260606T043336Z/pattern_discrimination
b2_gated_burst_correlated_3s_50uA,pattern_discrimination,2.0,gated_burst,correlated,3.0,50.0,160,637.3333333333334,0.0,1.0,1.0,60.0,1.0,0.8333333333333334,1.0,-0.1666666666666666,0.0,-1.0,-1.0,75.742617997426,75.742617997426,66.58368355333332,0.0,66.58368355333332,-0.3885958896984052,1.3213097282971376e-11,0.7740785661483743,1.0,-0.0744231662671596,348358.6666666667,0.0,3,experiments/snn_reset/results/snn_reset_validated_grid_20260606T043336Z/pattern_discrimination
b0_gated_burst_correlated_3s_50uA,pattern_discrimination,0.0,gated_burst,correlated,3.0,50.0,160,569.0,0.0,1.0,1.0,60.0,1.0,0.8333333333333334,1.0,-0.1666666666666666,0.0,-1.0,-1.0,75.742617997426,75.742617997426,55.09409198509218,0.0,55.09409198509218,-0.2908402203280775,1.3213097282971376e-11,0.8267148964868687,1.0,-0.0666189356725616,300206.6666666667,0.0,3,experiments/snn_reset/results/snn_reset_validated_grid_20260606T043336Z/pattern_discrimination
b2_static_shared_3s_50uA,pattern_discrimination,2.0,static,shared,3.0,50.0,160,689.3333333333334,0.0,1.0,1.0,60.0,1.0,0.8333333333333334,1.0,-0.1666666666666666,0.0,-1.0,-1.0,75.742617997426,75.742617997426,41.727188530670965,0.0,41.727188530670965,-0.1944423249646038,1.3213097282971376e-11,0.8883227554312114,1.0,-0.0614809199125911,250601.33333333337,0.0,3,experiments/snn_reset/results/snn_reset_validated_grid_20260606T043336Z/pattern_discrimination
b0_epoch_pause_shared_3s_50uA,pattern_discrimination,0.0,epoch_pause,shared,3.0,50.0,160,713.0,0.0,1.0,1.0,60.0,1.0,0.9166666666666666,1.0,-0.0833333333333333,0.0,-1.0,-1.0,75.742617997426,75.742617997426,39.90043052913786,0.0,39.90043052913786,-0.1864910106265153,1.3213097282971376e-11,0.8957026365339872,1.0,-0.0619245191699343,244216.0,0.0,3,experiments/snn_reset/results/snn_reset_validated_grid_20260606T043336Z/pattern_discrimination
b-2_static_correlated_3s_50uA,pattern_discrimination,-2.0,static,correlated,3.0,50.0,160,894.3333333333334,0.0,1.0,1.0,60.0,1.0,0.9375,1.0,-0.0625,0.0,-1.0,-1.0,75.742617997426,75.742617997426,51.12481694348446,0.0,51.12481694348446,-0.2581059230086868,1.3213097282971376e-11,0.8441817173317118,1.0,-0.0627725933202494,273528.3333333333,0.0,3,experiments/snn_reset/results/snn_reset_validated_grid_20260606T043336Z/pattern_discrimination
b2_epoch_pause_shared_3s_50uA,pattern_discrimination,2.0,epoch_pause,shared,3.0,50.0,160,452.3333333333333,0.0,1.0,1.0,60.0,1.0,0.9375,1.0,-0.0625,0.0,-1.0,-1.0,75.742617997426,75.742617997426,27.00898519082466,0.0,27.00898519082466,-0.1008592369314743,1.3213097282971376e-11,0.9452983181492294,1.0,-0.0404884106204328,138416.33333333334,0.0,3,experiments/snn_reset/results/snn_reset_validated_grid_20260606T043336Z/pattern_discrimination
b-2_chirp_shared_3s_10uA,pattern_discrimination,-2.0,chirp,shared,3.0,10.0,160,3716.3333333333335,0.0,1.0,1.0,60.0,1.0,0.9375,1.0,-0.0625,0.0,-1.0,-1.0,75.742617997426,75.742617997426,15.27330397124518,0.0,15.27330397124518,-0.026981850498178,1.3213097282971376e-11,0.9798499990393904,1.0,-0.0062777661368363,43528.333333333336,0.0,3,experiments/snn_reset/results/snn_reset_validated_grid_20260606T043336Z/pattern_discrimination
b-2_alternating_blue_red_shared_3s_50uA,pattern_discrimination,-2.0,alternating_blue_red,shared,3.0,50.0,160,918.6666666666666,0.0,1.0,1.0,60.0,1.0,0.9583333333333334,1.0,-0.0416666666666666,0.0,-1.0,-1.0,75.742617997426,75.742617997426,51.53287468046568,0.0,51.53287468046568,-0.2658616001114549,1.3213097282971376e-11,0.843781674674982,1.0,-0.0688910895094606,336391.0,0.0,3,experiments/snn_reset/results/snn_reset_validated_grid_20260606T043336Z/pattern_discrimination
b0_alternating_blue_red_shared_3s_50uA,pattern_discrimination,0.0,alternating_blue_red,shared,3.0,50.0,160,918.6666666666666,0.0,1.0,1.0,60.0,1.0,0.9583333333333334,1.0,-0.0416666666666666,0.0,-1.0,-1.0,75.742617997426,75.742617997426,51.53287468046568,0.0,51.53287468046568,-0.2658616001114549,1.3213097282971376e-11,0.843781674674982,1.0,-0.0688910895094606,336391.0,0.0,3,experiments/snn_reset/results/snn_reset_validated_grid_20260606T043336Z/pattern_discrimination
b2_alternating_blue_red_shared_3s_50uA,pattern_discrimination,2.0,alternating_blue_red,shared,3.0,50.0,160,918.6666666666666,0.0,1.0,1.0,60.0,1.0,0.9583333333333334,1.0,-0.0416666666666666,0.0,-1.0,-1.0,75.742617997426,75.742617997426,51.53287468046568,0.0,51.53287468046568,-0.2658616001114549,1.3213097282971376e-11,0.843781674674982,1.0,-0.0688910895094606,336391.0,0.0,3,experiments/snn_reset/results/snn_reset_validated_grid_20260606T043336Z/pattern_discrimination
b-2_epoch_pause_correlated_3s_50uA,pattern_discrimination,-2.0,epoch_pause,correlated,3.0,50.0,160,614.6666666666666,0.0,1.0,1.0,60.0,1.0,0.9583333333333334,1.0,-0.0416666666666666,0.0,-1.0,-1.0,75.742617997426,75.742617997426,35.9439325913594,0.0,35.9439325913594,-0.1505806930245271,1.3213097282971376e-11,0.9115652340734076,1.0,-0.0491432882001779,175668.0,0.0,3,experiments/snn_reset/results/snn_reset_validated_grid_20260606T043336Z/pattern_discrimination
b2_chirp_shared_3s_10uA,pattern_discrimination,2.0,chirp,shared,3.0,10.0,160,1738.0,0.0,1.0,1.0,60.0,1.0,0.9583333333333334,1.0,-0.0416666666666666,0.0,-1.0,-1.0,75.742617997426,75.742617997426,7.768190281860857,0.0,7.768190281860857,-0.008872012440984,1.3213097282971376e-11,0.9940556434343506,1.0,-0.0028636936180617,14710.333333333334,0.0,3,experiments/snn_reset/results/snn_reset_validated_grid_20260606T043336Z/pattern_discrimination
b-2_chirp_correlated_3s_10uA,pattern_discrimination,-2.0,chirp,correlated,3.0,10.0,160,2179.3333333333335,0.0,1.0,1.0,60.0,1.0,0.9583333333333334,1.0,-0.0416666666666666,0.0,-1.0,-1.0,75.742617997426,75.742617997426,3.753094857234768,0.0,3.753094857234768,-0.0029802399809965,1.3213097282971376e-11,0.998702860351464,1.0,-0.001689854022559,5171.666666666667,0.0,3,experiments/snn_reset/results/snn_reset_validated_grid_20260606T043336Z/pattern_discrimination
b0_static_shared_3s_50uA,pattern_discrimination,0.0,static,shared,3.0,50.0,160,1002.6666666666666,0.0,1.0,1.0,60.0,1.0,0.9791666666666666,1.0,-0.0208333333333333,0.0,-1.0,-1.0,75.742617997426,75.742617997426,54.223213299203486,0.0,54.223213299203486,-0.288859534135704,1.3213097282971376e-11,0.8310611857767922,1.0,-0.0698686450839467,345928.6666666667,0.0,3,experiments/snn_reset/results/snn_reset_validated_grid_20260606T043336Z/pattern_discrimination
b0_static_correlated_3s_50uA,pattern_discrimination,0.0,static,correlated,3.0,50.0,160,596.0,0.0,1.0,1.0,60.0,1.0,0.9791666666666666,1.0,-0.0208333333333333,0.0,-1.0,-1.0,75.742617997426,75.742617997426,33.68777868245956,0.0,33.68777868245956,-0.1294351154224386,1.3213097282971376e-11,0.919333753145764,1.0,-0.038484990476479,146824.66666666666,0.0,3,experiments/snn_reset/results/snn_reset_validated_grid_20260606T043336Z/pattern_discrimination
b0_epoch_pause_correlated_3s_50uA,pattern_discrimination,0.0,epoch_pause,correlated,3.0,50.0,160,403.6666666666667,0.0,1.0,1.0,60.0,1.0,0.9791666666666666,1.0,-0.0208333333333333,0.0,-1.0,-1.0,75.742617997426,75.742617997426,24.671547038366892,0.0,24.671547038366892,-0.0743040790426564,1.3213097282971376e-11,0.9529882921602076,1.0,-0.0240359231795368,96088.33333333331,0.0,3,experiments/snn_reset/results/snn_reset_validated_grid_20260606T043336Z/pattern_discrimination
b2_static_correlated_3s_50uA,pattern_discrimination,2.0,static,correlated,3.0,50.0,160,406.6666666666667,0.0,1.0,1.0,60.0,1.0,0.9791666666666666,1.0,-0.0208333333333333,0.0,-1.0,-1.0,75.742617997426,75.742617997426,24.31588684338999,0.0,24.31588684338999,-0.0772545540586413,1.3213097282971376e-11,0.9545915900034192,1.0,-0.0284655684332472,100752.66666666669,0.0,3,experiments/snn_reset/results/snn_reset_validated_grid_20260606T043336Z/pattern_discrimination
b2_epoch_pause_correlated_3s_50uA,pattern_discrimination,2.0,epoch_pause,correlated,3.0,50.0,160,276.0,0.0,1.0,1.0,60.0,1.0,0.9791666666666666,1.0,-0.0208333333333333,0.0,-1.0,-1.0,75.742617997426,75.742617997426,17.93614818858158,0.0,17.93614818858158,-0.0451690491804347,1.3213097282971376e-11,0.9736861515226432,1.0,-0.0178269852031776,62758.333333333336,0.0,3,experiments/snn_reset/results/snn_reset_validated_grid_20260606T043336Z/pattern_discrimination
b0_chirp_shared_3s_10uA,pattern_discrimination,0.0,chirp,shared,3.0,10.0,160,2567.3333333333335,0.0,1.0,1.0,60.0,1.0,0.9791666666666666,1.0,-0.0208333333333333,0.0,-1.0,-1.0,75.742617997426,75.742617997426,4.262752938357946,0.0,4.262752938357946,-0.0034813730602486,1.3213097282971376e-11,0.9983363080005724,1.0,-0.0018254802785149,6301.0,0.0,3,experiments/snn_reset/results/snn_reset_validated_grid_20260606T043336Z/pattern_discrimination
b0_chirp_correlated_3s_10uA,pattern_discrimination,0.0,chirp,correlated,3.0,10.0,160,1495.3333333333333,0.0,1.0,1.0,60.0,1.0,0.9791666666666666,1.0,-0.0208333333333333,0.0,-1.0,-1.0,75.742617997426,75.742617997426,1.322255392952593,0.0,1.322255392952593,-0.0003863004228067,1.3213097282971376e-11,0.9998317473807626,1.0,-0.0002194771986943,782.3333333333334,0.0,3,experiments/snn_reset/results/snn_reset_validated_grid_20260606T043336Z/pattern_discrimination
b-2_epoch_pause_shared_3s_10uA,pattern_discrimination,-2.0,epoch_pause,shared,3.0,10.0,160,1142.0,0.0,1.0,1.0,60.0,1.0,0.9791666666666666,1.0,-0.0208333333333333,0.0,-1.0,-1.0,75.742617997426,75.742617997426,0.0398754266322898,0.0,0.0398754266322898,-4.1133580016191235e-07,1.3213097282971376e-11,0.9999995848264686,1.0,0.0,10.666666666666666,0.0,3,experiments/snn_reset/results/snn_reset_validated_grid_20260606T043336Z/pattern_discrimination
b-2_gated_burst_correlated_3s_50uA,pattern_discrimination,-2.0,gated_burst,correlated,3.0,50.0,160,610.0,0.0,1.0,1.0,60.0,1.0,1.0,1.0,0.0,0.0,-1.0,-1.0,75.742617997426,75.742617997426,63.78532975670128,0.0,63.78532975670128,-0.3582791925051496,1.3213097282971376e-11,0.7850833157966385,1.0,-0.0667713866265386,332397.3333333333,0.0,3,experiments/snn_reset/results/snn_reset_validated_grid_20260606T043336Z/pattern_discrimination
b-2_alternating_blue_red_correlated_3s_50uA,pattern_discrimination,-2.0,alternating_blue_red,correlated,3.0,50.0,160,553.6666666666666,0.0,1.0,1.0,60.0,1.0,1.0,1.0,0.0,0.0,-1.0,-1.0,75.742617997426,75.742617997426,33.127429727494224,0.0,33.127429727494224,-0.129709500922531,1.3213097282971376e-11,0.9220538065686256,1.0,-0.041986429214898,150300.66666666666,0.0,3,experiments/snn_reset/results/snn_reset_validated_grid_20260606T043336Z/pattern_discrimination
b0_alternating_blue_red_correlated_3s_50uA,pattern_discrimination,0.0,alternating_blue_red,correlated,3.0,50.0,160,553.6666666666666,0.0,1.0,1.0,60.0,1.0,1.0,1.0,0.0,0.0,-1.0,-1.0,75.742617997426,75.742617997426,33.127429727494224,0.0,33.127429727494224,-0.129709500922531,1.3213097282971376e-11,0.9220538065686256,1.0,-0.041986429214898,150300.66666666666,0.0,3,experiments/snn_reset/results/snn_reset_validated_grid_20260606T043336Z/pattern_discrimination
b2_alternating_blue_red_correlated_3s_50uA,pattern_discrimination,2.0,alternating_blue_red,correlated,3.0,50.0,160,553.6666666666666,0.0,1.0,1.0,60.0,1.0,1.0,1.0,0.0,0.0,-1.0,-1.0,75.742617997426,75.742617997426,33.127429727494224,0.0,33.127429727494224,-0.129709500922531,1.3213097282971376e-11,0.9220538065686256,1.0,-0.041986429214898,150300.66666666666,0.0,3,experiments/snn_reset/results/snn_reset_validated_grid_20260606T043336Z/pattern_discrimination
b2_gated_burst_shared_3s_10uA,pattern_discrimination,2.0,gated_burst,shared,3.0,10.0,160,1073.6666666666667,0.0,1.0,1.0,60.0,1.0,1.0,1.0,0.0,0.0,-1.0,-1.0,75.742617997426,75.742617997426,13.351508195641337,0.0,13.351508195641337,-0.0245013321174816,1.3213097282971376e-11,0.985092524708304,1.0,-0.0091354891487246,44535.0,0.0,3,experiments/snn_reset/results/snn_reset_validated_grid_20260606T043336Z/pattern_discrimination
b0_gated_burst_shared_3s_10uA,pattern_discrimination,0.0,gated_burst,shared,3.0,10.0,160,1018.0,0.0,1.0,1.0,60.0,1.0,1.0,1.0,0.0,0.0,-1.0,-1.0,75.742617997426,75.742617997426,3.915482970660907,0.0,3.915482970660907,-0.0021718738352422,1.3213097282971376e-11,0.9986551905282404,1.0,-0.0008354892439238,5087.666666666667,0.0,3,experiments/snn_reset/results/snn_reset_validated_grid_20260606T043336Z/pattern_discrimination
b2_gated_burst_correlated_3s_10uA,pattern_discrimination,2.0,gated_burst,correlated,3.0,10.0,160,637.3333333333334,0.0,1.0,1.0,60.0,1.0,1.0,1.0,0.0,0.0,-1.0,-1.0,75.742617997426,75.742617997426,3.7278460911999214,0.0,3.7278460911999214,-0.0017143692223532,1.3213097282971376e-11,0.998645243187692,1.0,-0.0003672106646685,4145.666666666667,0.0,3,experiments/snn_reset/results/snn_reset_validated_grid_20260606T043336Z/pattern_discrimination
b-2_gated_burst_shared_3s_10uA,pattern_discrimination,-2.0,gated_burst,shared,3.0,10.0,160,1011.3333333333334,0.0,1.0,1.0,60.0,1.0,1.0,1.0,0.0,0.0,-1.0,-1.0,75.742617997426,75.742617997426,3.094877053563202,0.0,3.094877053563202,-0.0011808699395145,1.3213097282971376e-11,0.9991564432544046,1.0,-0.0003435998177129,3717.3333333333335,0.0,3,experiments/snn_reset/results/snn_reset_validated_grid_20260606T043336Z/pattern_discrimination
b2_chirp_correlated_3s_10uA,pattern_discrimination,2.0,chirp,correlated,3.0,10.0,160,986.3333333333334,0.0,1.0,1.0,60.0,1.0,1.0,1.0,0.0,0.0,-1.0,-1.0,75.742617997426,75.742617997426,1.258870156956385,0.0,1.258870156956385,-0.0005120359409098,1.3213097282971376e-11,0.9998041509187716,1.0,-0.0003177443469801,1007.3333333333334,0.0,3,experiments/snn_reset/results/snn_reset_validated_grid_20260606T043336Z/pattern_discrimination
b-2_gated_burst_correlated_3s_10uA,pattern_discrimination,-2.0,gated_burst,correlated,3.0,10.0,160,610.0,0.0,1.0,1.0,60.0,1.0,1.0,1.0,0.0,0.0,-1.0,-1.0,75.742617997426,75.742617997426,1.178459314096676,0.0,1.178459314096676,-0.0001670440214019,1.3213097282971376e-11,0.9998411730720062,1.0,-9.608778203544906e-06,636.0,0.0,3,experiments/snn_reset/results/snn_reset_validated_grid_20260606T043336Z/pattern_discrimination
b0_gated_burst_correlated_3s_10uA,pattern_discrimination,0.0,gated_burst,correlated,3.0,10.0,160,569.0,0.0,1.0,1.0,60.0,1.0,1.0,1.0,0.0,0.0,-1.0,-1.0,75.742617997426,75.742617997426,1.0403579878288811,0.0,1.0403579878288811,-0.0001634779214676,1.3213097282971376e-11,0.9998350989762508,1.0,0.0,610.3333333333334,0.0,3,experiments/snn_reset/results/snn_reset_validated_grid_20260606T043336Z/pattern_discrimination
b-2_static_shared_3s_10uA,pattern_discrimination,-2.0,static,shared,3.0,10.0,160,1513.6666666666667,0.0,1.0,1.0,60.0,1.0,1.0,1.0,0.0,0.0,-1.0,-1.0,75.742617997426,75.742617997426,0.0772819950491674,0.0,0.0772819950491674,-1.4680528248600666e-06,1.3213097282971376e-11,0.9999985181551084,1.0,0.0,22.0,0.0,3,experiments/snn_reset/results/snn_reset_validated_grid_20260606T043336Z/pattern_discrimination
b2_static_shared_3s_10uA,pattern_discrimination,2.0,static,shared,3.0,10.0,160,689.3333333333334,0.0,1.0,1.0,60.0,1.0,1.0,1.0,0.0,0.0,-1.0,-1.0,75.742617997426,75.742617997426,0.0541052580008962,0.0,0.0541052580008962,-7.195490420534393e-07,1.3213097282971376e-11,0.9999992736775464,1.0,0.0,12.666666666666666,0.0,3,experiments/snn_reset/results/snn_reset_validated_grid_20260606T043336Z/pattern_discrimination
b0_static_shared_3s_10uA,pattern_discrimination,0.0,static,shared,3.0,10.0,160,1002.6666666666666,0.0,1.0,1.0,60.0,1.0,1.0,1.0,0.0,0.0,-1.0,-1.0,75.742617997426,75.742617997426,0.0377191151160917,0.0,0.0377191151160917,-1.0534186389854483e-06,1.3213097282971376e-11,0.9999996470024186,1.0,-7.037196204161126e-07,9.333333333333334,0.0,3,experiments/snn_reset/results/snn_reset_validated_grid_20260606T043336Z/pattern_discrimination
b-2_alternating_blue_red_shared_3s_10uA,pattern_discrimination,-2.0,alternating_blue_red,shared,3.0,10.0,160,918.6666666666666,0.0,1.0,1.0,60.0,1.0,1.0,1.0,0.0,0.0,-1.0,-1.0,75.742617997426,75.742617997426,0.0291765973734087,0.0,0.0291765973734087,-2.092336936302767e-07,1.3213097282971376e-11,0.9999997887866972,1.0,0.0,16.666666666666668,0.0,3,experiments/snn_reset/results/snn_reset_validated_grid_20260606T043336Z/pattern_discrimination
b0_alternating_blue_red_shared_3s_10uA,pattern_discrimination,0.0,alternating_blue_red,shared,3.0,10.0,160,918.6666666666666,0.0,1.0,1.0,60.0,1.0,1.0,1.0,0.0,0.0,-1.0,-1.0,75.742617997426,75.742617997426,0.0291765973734087,0.0,0.0291765973734087,-2.092336936302767e-07,1.3213097282971376e-11,0.9999997887866972,1.0,0.0,16.666666666666668,0.0,3,experiments/snn_reset/results/snn_reset_validated_grid_20260606T043336Z/pattern_discrimination
b2_alternating_blue_red_shared_3s_10uA,pattern_discrimination,2.0,alternating_blue_red,shared,3.0,10.0,160,918.6666666666666,0.0,1.0,1.0,60.0,1.0,1.0,1.0,0.0,0.0,-1.0,-1.0,75.742617997426,75.742617997426,0.0291765973734087,0.0,0.0291765973734087,-2.092336936302767e-07,1.3213097282971376e-11,0.9999997887866972,1.0,0.0,16.666666666666668,0.0,3,experiments/snn_reset/results/snn_reset_validated_grid_20260606T043336Z/pattern_discrimination
b-2_alternating_blue_red_correlated_3s_10uA,pattern_discrimination,-2.0,alternating_blue_red,correlated,3.0,10.0,160,553.6666666666666,0.0,1.0,1.0,60.0,1.0,1.0,1.0,0.0,0.0,-1.0,-1.0,75.742617997426,75.742617997426,0.0,0.0,0.0,1.3213097282971376e-11,1.3213097282971376e-11,1.0,1.0,0.0,0.0,0.0,3,experiments/snn_reset/results/snn_reset_validated_grid_20260606T043336Z/pattern_discrimination
b-2_epoch_pause_correlated_3s_10uA,pattern_discrimination,-2.0,epoch_pause,correlated,3.0,10.0,160,614.6666666666666,0.0,1.0,1.0,60.0,1.0,1.0,1.0,0.0,0.0,-1.0,-1.0,75.742617997426,75.742617997426,0.0,0.0,0.0,1.3213097282971376e-11,1.3213097282971376e-11,1.0,1.0,0.0,0.0,0.0,3,experiments/snn_reset/results/snn_reset_validated_grid_20260606T043336Z/pattern_discrimination
b-2_static_correlated_3s_10uA,pattern_discrimination,-2.0,static,correlated,3.0,10.0,160,894.3333333333334,0.0,1.0,1.0,60.0,1.0,1.0,1.0,0.0,0.0,-1.0,-1.0,75.742617997426,75.742617997426,0.0,0.0,0.0,1.3213097282971376e-11,1.3213097282971376e-11,1.0,1.0,0.0,0.0,0.0,3,experiments/snn_reset/results/snn_reset_validated_grid_20260606T043336Z/pattern_discrimination
b0_alternating_blue_red_correlated_3s_10uA,pattern_discrimination,0.0,alternating_blue_red,correlated,3.0,10.0,160,553.6666666666666,0.0,1.0,1.0,60.0,1.0,1.0,1.0,0.0,0.0,-1.0,-1.0,75.742617997426,75.742617997426,0.0,0.0,0.0,1.3213097282971376e-11,1.3213097282971376e-11,1.0,1.0,0.0,0.0,0.0,3,experiments/snn_reset/results/snn_reset_validated_grid_20260606T043336Z/pattern_discrimination
b0_epoch_pause_correlated_3s_10uA,pattern_discrimination,0.0,epoch_pause,correlated,3.0,10.0,160,403.6666666666667,0.0,1.0,1.0,60.0,1.0,1.0,1.0,0.0,0.0,-1.0,-1.0,75.742617997426,75.742617997426,0.0,0.0,0.0,1.3213097282971376e-11,1.3213097282971376e-11,1.0,1.0,0.0,0.0,0.0,3,experiments/snn_reset/results/snn_reset_validated_grid_20260606T043336Z/pattern_discrimination
b0_epoch_pause_shared_3s_10uA,pattern_discrimination,0.0,epoch_pause,shared,3.0,10.0,160,713.0,0.0,1.0,1.0,60.0,1.0,1.0,1.0,0.0,0.0,-1.0,-1.0,75.742617997426,75.742617997426,0.0,0.0,0.0,1.3213097282971376e-11,1.3213097282971376e-11,1.0,1.0,0.0,0.0,0.0,3,experiments/snn_reset/results/snn_reset_validated_grid_20260606T043336Z/pattern_discrimination
b0_static_correlated_3s_10uA,pattern_discrimination,0.0,static,correlated,3.0,10.0,160,596.0,0.0,1.0,1.0,60.0,1.0,1.0,1.0,0.0,0.0,-1.0,-1.0,75.742617997426,75.742617997426,0.0,0.0,0.0,1.3213097282971376e-11,1.3213097282971376e-11,1.0,1.0,0.0,0.0,0.0,3,experiments/snn_reset/results/snn_reset_validated_grid_20260606T043336Z/pattern_discrimination
b2_alternating_blue_red_correlated_3s_10uA,pattern_discrimination,2.0,alternating_blue_red,correlated,3.0,10.0,160,553.6666666666666,0.0,1.0,1.0,60.0,1.0,1.0,1.0,0.0,0.0,-1.0,-1.0,75.742617997426,75.742617997426,0.0,0.0,0.0,1.3213097282971376e-11,1.3213097282971376e-11,1.0,1.0,0.0,0.0,0.0,3,experiments/snn_reset/results/snn_reset_validated_grid_20260606T043336Z/pattern_discrimination
b2_epoch_pause_correlated_3s_10uA,pattern_discrimination,2.0,epoch_pause,correlated,3.0,10.0,160,276.0,0.0,1.0,1.0,60.0,1.0,1.0,1.0,0.0,0.0,-1.0,-1.0,75.742617997426,75.742617997426,0.0,0.0,0.0,1.3213097282971376e-11,1.3213097282971376e-11,1.0,1.0,0.0,0.0,0.0,3,experiments/snn_reset/results/snn_reset_validated_grid_20260606T043336Z/pattern_discrimination
b2_epoch_pause_shared_3s_10uA,pattern_discrimination,2.0,epoch_pause,shared,3.0,10.0,160,452.3333333333333,0.0,1.0,1.0,60.0,1.0,1.0,1.0,0.0,0.0,-1.0,-1.0,75.742617997426,75.742617997426,0.0,0.0,0.0,1.3213097282971376e-11,1.3213097282971376e-11,1.0,1.0,0.0,0.0,0.0,3,experiments/snn_reset/results/snn_reset_validated_grid_20260606T043336Z/pattern_discrimination
b2_static_correlated_3s_10uA,pattern_discrimination,2.0,static,correlated,3.0,10.0,160,406.6666666666667,0.0,1.0,1.0,60.0,1.0,1.0,1.0,0.0,0.0,-1.0,-1.0,75.742617997426,75.742617997426,0.0,0.0,0.0,1.3213097282971376e-11,1.3213097282971376e-11,1.0,1.0,0.0,0.0,0.0,3,experiments/snn_reset/results/snn_reset_validated_grid_20260606T043336Z/pattern_discrimination
